Objektklasse;Objektkurzbezeichnung;Objektbezeichnung;Strecke;Richtung;KM_Station;Lastbeschraenkung;Lastbeschraenkung_qualitativ;WGS_X;WGS_Y
Brcke;P01;Bachdurchlaá;A02;0;231,101;max. Gesamtlast;6000;14,964629;46,959949
Brcke;P02/L;Fuchsbrcke;A02;2;231,482;max. Gesamtlast;6000;14,959779;46,960849
Brcke;P02-1;Fastlbauerbrcke;A02;0;231,483;max. Gesamtlast;6000;14,959799;46,961248
Brcke;P02/R;Fuchsbrcke;A02;1;231,488;max. Gesamtlast;6000;14,959787;46,961001
Brcke;P02-2/L;Unterfhrung Vier Tore;A02;0;231,523;max. Gesamtlast;6000;14,959925;46,963874
Brcke;P02-2/R;Unterfhrung Vier Tore;A02;0;231,525;max. Gesamtlast;6000;14,959911;46,963954
Brcke;P02-2A;Bachdurchlaá;A02;0;231,559;max. Gesamtlast;6000;14,959625;46,963912
Brcke;P02,1/Rampe 1;šberf.des Zubr.Packsattel;A02;0;231,671;max. Gesamtlast;6000;14,957418;46,961275
Brcke;P02,1/Rampe 2;šberf.des Zubr.Packsattel;A02;0;231,680;max. Gesamtlast;6000;14,957304;46,961292
Brcke;P02,2;Bachdurchlaá;A02;0;232,125;;;14,951574;46,961848
Brcke;P03/L;Straáenunterfhrung;A02;2;232,589;max. Gesamtlast;6000;14,945484;46,962219
Brcke;P03/R;Straáenunterfhrung;A02;1;232,590;max. Gesamtlast;6000;14,945498;46,962345
Brcke;P04;Stahlrohrdurchlaá;A02;0;233,013;max. Gesamtlast;6000;14,940038;46,962216
Brcke;P05;Weg- und Bachunterfhrung;A02;0;233,321;max. Gesamtlast;6000;14,936166;46,961487
Brcke;P06/Li.;Auerlingbachbrcke;A02;2;234,045;max. Gesamtlast;6000;14,927329;46,958978
Brcke;P06/Re.;Auerlingbachbrcke;A02;1;234,047;max. Gesamtlast;6000;14,927275;46,959098
Brcke;P07;Wegberfhrung Schratter;A02;0;234,784;max. Gesamtlast;6000;14,917805;46,958255
Brcke;P08/L;Bach- und Straáenunterfhrung;A02;2;235,366;max. Gesamtlast;6000;14,910266;46,957501
Brcke;P08/R;Bach- und Straáenunterfhrung;A02;1;235,368;max. Gesamtlast;6000;14,910203;46,957632
Brcke;P09/L;Starrybrcke;A02;2;236,077;max. Gesamtlast;6000;14,901285;46,956188
Brcke;P09/R;Starrybrcke;A02;1;236,078;max. Gesamtlast;6000;14,901231;46,956307
Brcke;P11/1/L;Schwarzbachbrcke;A02;2;236,719;max. Gesamtlast;6000;14,893778;46,953498
Brcke;P11/1/R;Schwarzbachbrcke;A02;1;236,724;max. Gesamtlast;6000;14,89369;46,953624
Brcke;P11/2/L;Schwarzbachbrcke;A02;2;237,043;max. Gesamtlast;6000;14,889877;46,95216
Brcke;P11/2/R;Schwarzbachbrcke;A02;1;237,048;max. Gesamtlast;6000;14,889798;46,952289
Brcke;P13/R;Bernbachbrcke;A02;1;238,039;max. Gesamtlast;6000;14,877496;46,95061
Brcke;P13/L;Bernbachbrcke;A02;2;238,050;max. Gesamtlast;6000;14,877615;46,950494
Brcke;P14/R;Bach- und Wegdurchlaá;A02;1;239,017;max. Gesamtlast;6000;14,87044;46,943552
Brcke;P14/L;Bach- und Wegdurchlaá;A02;2;239,030;max. Gesamtlast;6000;14,870796;46,943475
Brcke;P15/L;Grabenbrcke;A02;2;239,422;max. Gesamtlast;6000;14,871181;46,939953
Brcke;P15/R;Grabenbrcke;A02;1;239,423;max. Gesamtlast;6000;14,870978;46,939934
Brcke;P15,1/R;Grabenbrcke Tilz;A02;1;239,675;max. Gesamtlast;6000;14,871178;46,937679
Brcke;P15,1/L;Grabenbrcke Tilz;A02;2;239,676;max. Gesamtlast;6000;14,87138;46,937662
Brcke;P16;Bachdurchlaá;A02;0;240,403;max. Gesamtlast;6000;14,864579;46,933867
Brcke;P17-5A;Bachdurchlaá;A02;0;241,113;max. Gesamtlast;6000;14,855344;46,937142
Brcke;P17-5;Bach- und Straáenunterf.;A02;0;241,119;max. Gesamtlast;6000;14,855389;46,937218
Brcke;P17/R;Unterf.Zubr.Oberes Lavanttal;A02;1;241,145;max. Gesamtlast;6000;14,855049;46,935061
Brcke;P17/L;Unterf.Zubr.Oberes Lavanttal;A02;2;241,153;max. Gesamtlast;6000;14,855064;46,934907
Brcke;P17-4;Lasserusbrcke;A02;0;241,379;max. Gesamtlast;6000;14,850471;46,937301
Brcke;P17,1/R;Hangbrcke Schaller;A02;1;241,840;max. Gesamtlast;6000;14,846596;46,933246
Brcke;P17,1/L;Hangbrcke Schaller;A02;2;241,840;max. Gesamtlast;6000;14,846733;46,93314
Brcke;P17-3A;Brcke Ankerfeld (Nebenanlage);A02;3;242,150;;;14,838476;46,932517
Brcke;P17-3;Wegdurchlaá Herk;A02;0;242,206;max. Gesamtlast;6000;14,839157;46,932224
Brcke;P18;Wegberfhrung Lorenz;A02;0;242,213;max. Gesamtlast;6000;14,843611;46,930611
Brcke;P17-1;Wegunterf.Moosbauer;A02;0;242,307;max. Gesamtlast;6000;14,829652;46,933606
Brcke;P17-2;Schieflingbachbrcke;A02;0;242,473;max. Gesamtlast;6000;14,834848;46,929619
Brcke;P19/R;Talbergang Lavant;A02;1;243,290;max. Gesamtlast;15000;14,83987;46,921399
Brcke;P19/L;Talbergang Lavant;A02;2;243,360;max. Gesamtlast;6000;14,839968;46,920689
Brcke;P20/L;Kogljahrerbrcke;A02;2;244,086;max. Gesamtlast;6000;14,837039;46,914579
Brcke;P20/R;Kogljahrerbrcke;A02;1;244,099;;;14,836617;46,914654
Brcke;P22;Bachdurchlaá;A02;0;246,490;max. Gesamtlast;6000;14,819708;46,896655
Brcke;P23/L;Grabenbrcke Ragger;A02;2;247,191;max. Gesamtlast;6000;14,823335;46,890948
Brcke;P23/R;Grabenbrcke Ragger;A02;1;247,193;max. Gesamtlast;15000;14,823108;46,890824
Brcke;P24/L;Grabenbrcke H”dl;A02;2;247,753;max. Gesamtlast;6000;14,827307;46,886715
Brcke;P24/R;Grabenbrcke H”dl;A02;1;247,754;max. Gesamtlast;15000;14,82704;46,886674
Brcke;G31-1;Grafenbachbrcke (Nebenanlage);A02;0;247,800;;;14,720729;46,697169
Brcke;P25/L;Ertlbrcke;A02;2;248,089;max. Gesamtlast;6000;14,829297;46,884027
Brcke;P25/R;Ertlbrcke;A02;1;248,090;max. Gesamtlast;20000;14,829039;46,883954
Brcke;P26/R;Timmererbrcke;A02;1;248,460;max. Gesamtlast;20000;14,830304;46,880789
Brcke;P27/R;Stanglbrcke;A02;1;248,878;max. Gesamtlast;20000;14,831712;46,877175
Brcke;P27/L;Stanglbrcke;A02;2;248,878;max. Gesamtlast;6000;14,83197;46,877226
Brcke;P28/R;Grabenbrcke Rampitsch;A02;1;249,265;max. Gesamtlast;20000;14,833204;46,873886
Brcke;P28/L;Grabenbrcke Rampitsch;A02;2;249,274;max. Gesamtlast;6000;14,833492;46,873875
Brcke;P29/L;Lenzbrcke;A02;2;249,720;max. Gesamtlast;6000;14,835428;46,870112
Brcke;P29/R;Lenzbrcke;A02;2;249,722;max. Gesamtlast;20000;14,835172;46,870055
Brcke;P30/R;Talbergang Auenbach;A02;1;250,506;max. Gesamtlast;15000;14,835046;46,863647
Brcke;P30/L;Talbergang Auenbach;A02;2;250,517;max. Gesamtlast;6000;14,835306;46,863598
Brcke;P31;Bachdurchlaá;A02;0;251,100;;6000;14,834685;46,858022
Brcke;P32;Wegunterfhrung Pr”dl;A02;0;251,499;max. Gesamtlast;6000;14,835834;46,854568
Brcke;P32A/L;Unterf.Zubr.Wolfsberg Nord;A02;2;252,264;max. Gesamtlast;6000;14,835037;46,847705
Brcke;P32A/R;Unterf.Zubr.Wolfsberg Nord;A02;1;252,265;max. Gesamtlast;6000;14,834859;46,847746
Brcke;P33/R;Weiáenbachbrcke;A02;1;252,838;max. Gesamtlast;6000;14,830002;46,843995
Brcke;P33/L;Weiáenbachbrcke;A02;2;252,839;max. Gesamtlast;6000;14,830104;46,843879
Brcke;P34/R;Hattendorferbachbrcke;A02;1;253,823;max. Gesamtlast;6000;14,821343;46,837785
Brcke;P34/L;Hattendorferbachbrcke;A02;2;253,823;max. Gesamtlast;6000;14,82151;46,837728
Brcke;P35/R;Unterf.Michaelerstraáe;A02;1;254,404;max. Gesamtlast;6000;14,81867;46,832932
Brcke;P35/L;Unterf.Michaelerstraáe;A02;2;254,407;max. Gesamtlast;6000;14,818838;46,832865
Brcke;P36;Unterf.Wirtschaftsweg;A02;0;254,968;max. Gesamtlast;6000;14,818275;46,827914
Brcke;G01/L;Unterf.Zubringer;A02;2;255,432;max. Gesamtlast;6000;14,819739;46,823906
Brcke;G01/R;Unterf.Zubringer;A02;1;255,435;max. Gesamtlast;6000;14,819561;46,823844
Brcke;G02/R;Unterf.Gem.Str.u.Betriebsumk.;A02;1;256,057;max. Gesamtlast;6000;14,821862;46,818482
Brcke;G02/L;Unterf.Gem.Str.u.Betriebsumk.;A02;2;256,059;max. Gesamtlast;6000;14,82205;46,818514
Brcke;G03/R;Unterf.St.Mareinerstraáe;A02;1;256,850;max. Gesamtlast;6000;14,822956;46,811443
Brcke;G03/L;Unterf.St.Mareinerstraáe;A02;2;256,850;max. Gesamtlast;6000;14,823141;46,811441
Brcke;G03,1;Unterf.Kirchenweg;A02;0;257,049;max. Gesamtlast;6000;14,822961;46,809654
Brcke;G04/R;Unterf.Zipfschmiedstraáe;A02;1;257,548;max. Gesamtlast;6000;14,821993;46,80524
Brcke;G04/L;Unterf.Zipfschmiedstraáe;A02;2;257,548;max. Gesamtlast;6000;14,822177;46,805216
Brcke;G05;Unterf.Frauenbach;A02;0;257,642;max. Gesamtlast;6000;14,821811;46,804361
Brcke;G06/R;Unterf.Pichlingerstraáe;A02;1;258,547;max. Gesamtlast;6000;14,818019;46,79667
Brcke;G06/L;Unterf.Pichlingerstraáe;A02;2;258,549;max. Gesamtlast;6000;14,818194;46,796628
Brcke;G07;Unterfhrung Woisbach;A02;0;259,083;max. Gesamtlast;6000;14,815742;46,792156
Brcke;G08/R;Unterf.P”llingerstraáe;A02;1;259,314;max. Gesamtlast;6000;14,814619;46,790226
Brcke;G08/L;Unterf.P”llingerstraáe;A02;2;259,315;max. Gesamtlast;6000;14,814792;46,790183
Brcke;G09,1;Unterfhrung Pirk-Kolleg;A02;0;260,323;max. Gesamtlast;6000;14,810892;46,781568
Brcke;G10/L;Unterf.Kolleggerstraáe;A02;2;261,035;max. Gesamtlast;6000;14,810691;46,775216
Brcke;G10/R;Unterf.Kolleggerstraáe;A02;1;261,036;max. Gesamtlast;6000;14,810508;46,775201
Brcke;G11;Unterf.Ziegelbach;A02;0;261,379;max. Gesamtlast;6000;14,811168;46,772159
Brcke;G12/R;Unterf.Agsdorferstraáe;A02;1;261,574;max. Gesamtlast;6000;14,811552;46,770435
Brcke;G12/L;Unterf.Agsdorferstraáe;A02;2;261,575;max. Gesamtlast;6000;14,811732;46,770459
Brcke;G12,1;šberf.Langenstraáe;A02;0;262,282;max. Gesamtlast;6000;14,81371;46,764256
Brcke;G13;Unterf.Burgstallstraáe;A02;0;262,690;max. Gesamtlast;6000;14,814906;46,760682
Brcke;G16/R;Talbergang Burgstall;A02;1;263,617;max. Gesamtlast;6000;14,815684;46,752233
Brcke;G16/L;Talbergang Burgstall;A02;2;263,617;max. Gesamtlast;6000;14,815854;46,752235
Brcke;G17-2;Unterf.Framracherstraáe;A02;0;264,023;max. Gesamtlast;6000;14,817185;46,747448
Brcke;G17-3;Unterf.Marrweg;A02;0;264,299;max. Gesamtlast;6000;14,810897;46,74738
Brcke;G17-1;P”llingbachbrcke;A02;0;264,312;max. Gesamtlast;6000;14,809076;46,747974
Brcke;G17/R;Talbergang P”llingbach;A02;1;264,359;max. Gesamtlast;6000;14,810971;46,746776
Brcke;G17/L;Talbergang P”llingbach;A02;2;264,359;max. Gesamtlast;6000;14,811122;46,746693
Brcke;G18/R;Unterfhrung Zubringer;A02;1;264,712;max. Gesamtlast;6000;14,807985;46,744373
Brcke;G18/L;Unterfhrung Zubringer;A02;2;264,714;max. Gesamtlast;6000;14,808114;46,744285
Brcke;G19/R;Talbergang Judenbach;A02;1;265,046;max. Gesamtlast;6000;14,80591;46,74209
Brcke;G19/L;Talbergang Judenbach;A02;2;265,046;max. Gesamtlast;6000;14,806088;46,742053
Brcke;G21/L;Granitztalbergang;A02;2;267,093;max. Gesamtlast;6000;14,798787;46,723674
Brcke;G21/R;Granitztalbergang;A02;1;267,122;max. Gesamtlast;6000;14,798228;46,723578
Brcke;G23;Wegberf.G”nitz;A02;0;268,407;max. Gesamtlast;6000;14,786381;46,71635
Brcke;G23,1/L;Trattnigbrcke;A02;2;269,229;max. Gesamtlast;6000;14,778665;46,711955
Brcke;G23,1/R;Trattnigbrcke;A02;1;269,236;max. Gesamtlast;6000;14,778503;46,712001
Brcke;G25/L;Kramerbrcke;A02;2;270,710;max. Gesamtlast;6000;14,770203;46,701993
Brcke;G25/R;Kramerbrcke;A02;1;270,712;max. Gesamtlast;6000;14,770132;46,702094
Brcke;G26/L;St.Kollmannbrcke;A02;2;271,492;max. Gesamtlast;6000;14,761038;46,699898
Brcke;G26/R;St.Kollmannbrcke;A02;1;271,517;max. Gesamtlast;6000;14,760703;46,700082
Brcke;G27/L;Betriebsumk.St.Kollmann;A02;2;272,398;;;14,7506;46,697592
Brcke;G27/R;Betriebsumk.St.Kollmann;A02;1;272,403;;;14,750338;46,697828
Brcke;G28/L;W”lfnitzbachbrcke;A02;2;272,733;max. Gesamtlast;6000;14,746733;46,696158
Brcke;G28/R;W”lfnitzbachbrcke;A02;1;272,735;max. Gesamtlast;6000;14,746627;46,696273
Brcke;G29;šberf.Lippitzbacher L127;A02;0;273,728;;6000;14,733999;46,695437
Brcke;G30/R;Weg-und Bachdurchlaá;A02;1;274,476;;6000;14,724863;46,697772
Brcke;G30/L;Weg-und Bachdurchlaá;A02;2;274,481;;6000;14,724788;46,697661
Brcke;G31/R;Grafenbachbrcke;A02;1;274,790;;6000;14,720786;46,697559
Brcke;G31/L;Grafenbachbrcke;A02;2;274,795;;6000;14,720762;46,697443
Brcke;G32/L;Feldwegunterfhrung;A02;2;276,022;max. Gesamtlast;6000;14,707768;46,6913
Brcke;G32/R;Feldwegunterfhrung;A02;1;276,023;max. Gesamtlast;6000;14,707672;46,691391
Brcke;G33/R;Unterf.Gletschacherbach;A02;1;276,801;max. Gesamtlast;6000;14,699059;46,687675
Brcke;G33/L;Unterf.Gletschacherbach;A02;2;276,801;max. Gesamtlast;6000;14,699148;46,687549
Brcke;G34/L;Unterf.Packer Bundesstr.B70;A02;2;278,291;max. Gesamtlast;6000;14,680583;46,683222
Brcke;G34/R;Unterf.Packer Bundesstr.B70;A02;1;278,293;max. Gesamtlast;6000;14,680685;46,683348
Brcke;G36;šberf. Feldweg F11;A02;0;279,021;max. Gesamtlast;6000;14,671275;46,683034
Brcke;G37,1/L;Wilddurchlaá;A02;2;279,318;max. Gesamtlast;6000;14,66693;46,683292
Brcke;G37,1/R;Wilddurchlaá;A02;1;279,353;max. Gesamtlast;6000;14,666962;46,683412
Brcke;G37;šberf.Kabonhofstraáe;A02;0;279,435;max. Gesamtlast;6000;14,665914;46,683488
Brcke;G38/L;Unterf.Haimburgerbach;A02;2;280,107;max. Gesamtlast;6100;14,65706;46,685097
Brcke;G38/R;Unterf.Haimburgerbach;A02;1;280,144;max. Gesamtlast;6000;14,656993;46,685227
Brcke;G39;šberf.Diexerstr. L113;A02;0;280,457;;6000;14,652904;46,68514
Brcke;G39,1/L;Unterf.St.Stefaner Gem.Str.;A02;2;280,816;max. Gesamtlast;6000;14,648179;46,683928
Brcke;G39,1/R;Unterf.St.Stefaner Gem.Str.;A02;1;280,855;max. Gesamtlast;6000;14,648056;46,684007
Brcke;G40/L;Talbergang Wurlabach;A02;2;281,175;max. Gesamtlast;6000;14,644153;46,682565
Brcke;G40/R;Talbergang Wurlabach;A02;1;281,194;max. Gesamtlast;6000;14,644091;46,682669
Brcke;G40,1;šberf.W 30 u.Betriebsumkehr;A02;0;281,871;max. Gesamtlast;6000;14,636204;46,679945
Brcke;G41;Unterf. Arlsdorf;A02;0;282,312;max. Gesamtlast;6000;14,630733;46,678745
Brcke;G43/L;Unterf.Seebergstr. B82;A02;2;283,577;max. Gesamtlast;6000;14,613788;46,678092
Brcke;G43/R;Unterf.Seebergstr. B82;A02;1;283,616;max. Gesamtlast;6000;14,613758;46,678203
Brcke;G44/1/L;Unterf. Rammersdorf;A02;2;284,611;max. Gesamtlast;6000;14,600354;46,678689
Brcke;G44/2;Unterf. Rammersdorf;A02;0;284,641;max. Gesamtlast;6000;14,600354;46,679001
Brcke;G44/1/R;Unterf. Rammersdorf;A02;1;284,644;max. Gesamtlast;6000;14,600354;46,67881
Brcke;G44,1;šberfhrung Spur 10;A02;0;284,728;max. Gesamtlast;6000;14,599242;46,678708
Brcke;G45;Unterf.Hafendorferstraáe;A02;0;285,084;max. Gesamtlast;6000;14,594849;46,677931
Brcke;G45,1;Gew”lbter Wilddurchlaá;A02;0;285,247;;;14,593106;46,677143
Brcke;G46;šberf. Krenobitscherweg;A02;0;285,736;max. Gesamtlast;6000;14,58873;46,673971
Brcke;G47/L;Unterf.T”llerbergerstr.L111;A02;2;287,025;;6000;14,575043;46,667137
Brcke;G47/R;Unterf.T”llerbergerstr.L111;A02;1;287,065;;6000;14,574964;46,667286
Brcke;G48/L;Wegunterf.T”llerberg;A02;2;288,135;max. Gesamtlast;6000;14,568893;46,658228
Brcke;G48/R;Wegunterf.T”llerberg;A02;1;288,184;max. Gesamtlast;6000;14,568768;46,658303
Brcke;G49/LRFB;Unterf. Packer Str. B70;A02;2;288,764;;;14,563823;46,653786
Brcke;G49/RRFB;Unterf. Packer Str. B70;A02;1;288,826;;;14,563601;46,653747
Brcke;G49,1/2;Schutzbauwerk Erdgasleitung;A02;2;288,939;;;14,562734;46,652288
Brcke;G49,1/1;Schutzbauwerk Erdgasleitung;A02;1;289,005;;;14,562801;46,652389
Brcke;G50;šberf. Ladratschen;A02;0;289,309;;;14,561532;46,649664
Brcke;G51/LRFB;Krebsenbachbrcke;A02;2;289,964;;;14,555397;46,644981
Brcke;G51/RRFB;Krebsenbachbrcke;A02;1;290,022;;;14,555346;46,645089
Brcke;G52;šberf. H”henbergener Str. L112;A02;0;290,588;;6000;14,548276;46,645458
Brcke;G52,1;Bachdurchlaá;A02;0;291,801;;;14,536884;46,652936
Brcke;G54;šberf. Feldweg  Kreuzergegend;A02;0;293,289;;;14,518841;46,65145
Brcke;G55,3;Wilddurchlaá Straáenkogel;A02;0;295,160;;;14,497506;46,644582
Brcke;G55,6-1;Feldwegbrcke Thoner Moos;A02;0;295,735;;;14,490194;46,643714
Brcke;G55,6;Gerinnedurchlaá Thoner Moos;A02;0;295,738;;;14,490103;46,643935
Brcke;G56;šberf. Thoner Str. L102;A02;0;296,187;;6000;14,484431;46,642922
Brcke;G57;Wilddurchlaá Thoner Wald;A02;0;297,190;;;14,471777;46,640627
Brcke;G58;šberfhrung Weg31, Betreibsumkehr Dolina;A02;0;297,814;;;14,463882;46,639198
Brcke;G60;šberf. Poggersdorfer Str. L87;A02;0;298,893;;6000;14,449995;46,637766
Brcke;G62;Wegunterf. Replach;A02;0;299,740;;;14,439537;46,640041
Brcke;G64,1;Kanalbrcke;A02;0;301,200;;;14,422129;46,645056
Brcke;G64/LRFB;Oberwasserkanalbrcke;A02;2;301,229;;;14,420938;46,644433
Brcke;G64/RRFB;Oberwasserkanalbrcke;A02;1;301,269;;;14,421091;46,644517
Brcke;G65/LRFB;Gurkbrcke;A02;2;301,395;;;14,418714;46,644844
Brcke;G65/RRFB;Gurkbrcke;A02;1;301,455;;;14,418736;46,644953
Brcke;G67;šberf. Tauschitzgrube;A02;0;303,148;;;14,39713;46,644152
Brcke;G70;šberf. Farchenhofweg;A02;0;304,781;;;14,377475;46,644569
Brcke;G72;Rababrcke A2;A02;0;305,271;;;14,372241;46,642006
Brcke;G73/LRFB;Unterf. G”rtschitztal Str. B92;A02;2;305,352;;;14,371255;46,641617
Brcke;G73/RRFB;Unterf. G”rtschitztal Str. B92;A02;1;305,355;;;14,371256;46,641769
Brcke;KN02;Unterf.Pischeldorferstr.;A02;0;314,843;max. Gesamtlast;6000;14,360102;46,641057
Brcke;KN05/L;Glanbrcke;A02;2;320,607;max. Gesamtlast;6000;14,294242;46,658123
Brcke;KN05/R;Glanbrcke;A02;1;320,621;max. Gesamtlast;6000;14,294404;46,658298
Brcke;KN06,1;Gerinneunterf. W”lfnitz-UT Lendorf;A02;0;322,327;max. Gesamtlast;6000;14,275287;46,654591
Brcke;KN07;Bachunterfhrung;A02;0;322,643;max. Gesamtlast;6000;14,271258;46,653827
Brcke;KN08;šberf. Betriebsumkehr;A02;0;322,950;max. Gesamtlast;6000;14,267549;46,652793
Brcke;KN09;Stahlrohrdurchlaá;A02;0;323,365;max. Gesamtlast;6000;14,263;46,650807
Brcke;KW06/Re.;Unterf.Kohldorferstraáe;A02;1;327,585;max. Gesamtlast;6000;14,258426;46,62412
Brcke;KW06/Li.;Unterf.Kohldorferstraáe;A02;2;327,611;max. Gesamtlast;6000;14,258417;46,623962
Brcke;KN24;Unterf. AS. Klgf.;A02;2;328,002;max. Gesamtlast;6000;14,240685;46,631389
Brcke;KN25;Unterf. AS. Klgf.;A02;0;328,003;max. Gesamtlast;6000;14,239974;46,631987
Brcke;K02/Re.;Unterf.der Zillh”henstraáe;A02;1;328,006;max. Gesamtlast;6000;14,247491;46,625704
Brcke;K02/Li.;Unterf.der Zillh”henstraáe;A02;2;328,016;max. Gesamtlast;6000;14,247394;46,625601
Brcke;K03,2;Rampenbrcke;A02;0;328,046;max. Gesamtlast;6000;14,24265;46,628809
Brcke;K03/Re.;Hangbrcke Schrottenburg;A02;1;328,055;max. Gesamtlast;6000;14,242428;46,628777
Brcke;K03/Li.;Hangbrcke Schrottenburg;A02;2;328,055;max. Gesamtlast;6000;14,242166;46,628771
Brcke;K03,1;Rampenbrcke;A02;0;328,066;max. Gesamtlast;6000;14,241953;46,628697
Brcke;K04/RE.;Talbrcke Gurlitsch;A02;1;328,165;max. Gesamtlast;6000;14,238087;46,630683
Brcke;K04,1;Rampenbrcke;A02;1;328,181;max. Gesamtlast;6000;14,238391;46,63109
Brcke;K04/LI.;Talbrcke Gurlitsch;A02;2;328,182;max. Gesamtlast;6000;14,238028;46,630567
Brcke;K05,1;Rampenbrcke;A02;2;328,431;max. Gesamtlast;6000;14,23536;46,630489
Brcke;K05/Li.;Hangbrcke Heinrichshof;A02;2;328,549;max. Gesamtlast;6000;14,232557;46,630746
Brcke;K05,2;Verbreitung Hangbrcke Heinrichshof;A02;2;328,569;max. Gesamtlast;6000;14,232349;46,630925
Brcke;K05/RE.;Hangbrcke Heinrichshof;A02;1;328,646;max. Gesamtlast;6000;14,232379;46,630841
Brcke;K06/Re.;Wegunterfhrung Hornstein;A02;1;329,427;max. Gesamtlast;6000;14,222512;46,628853
Brcke;K06/Li.;Wegunterfhrung Hornstein;A02;2;329,427;max. Gesamtlast;6000;14,222492;46,628732
Brcke;K07/Re.;Unterfhrung Almweg;A02;1;330,458;max. Gesamtlast;6000;14,209973;46,631955
Brcke;K07/Li.;Unterfhrung Almweg;A02;2;330,458;max. Gesamtlast;6000;14,209958;46,631835
Brcke;K08/Li.;Talbrcke Drasing;A02;2;331,028;max. Gesamtlast;6000;14,203071;46,630721
Brcke;K08/Re.;Talbrcke Drasing;A02;1;331,029;max. Gesamtlast;6000;14,202992;46,630828
Brcke;K08-1B;Wegunterf.im Zubr.(Auffahrt);A02;0;331,154;max. Gesamtlast;6000;14,202494;46,629147
Brcke;K08-1A;Wegunterf.im Zubr.(Abfahrt);A02;0;331,177;max. Gesamtlast;6000;14,202452;46,62888
Brcke;K09/Li.;Wegunterfhrung;A02;2;331,697;max. Gesamtlast;6000;14,195827;46,627152
Brcke;K09/Re.;Wegunterfhrung;A02;1;331,699;max. Gesamtlast;6000;14,195737;46,627286
Brcke;K10/Re.;Wegunterfhrung;A02;1;332,326;max. Gesamtlast;6000;14,187911;46,62768
Brcke;K10/Li.;Wegunterfhrung;A02;2;332,326;max. Gesamtlast;6000;14,187839;46,627569
Brcke;K11/Li.;Wegunterfhrung;A02;2;332,556;max. Gesamtlast;6000;14,185204;46,628558
Brcke;K11/Re.;Wegunterfhrung;A02;1;332,557;max. Gesamtlast;6000;14,185299;46,628662
Brcke;K12/Re.;Talbrcke Sallach;A02;1;333,332;max. Gesamtlast;6000;14,176911;46,632655
Brcke;K12/Li.;Talbrcke Sallach;A02;2;333,336;max. Gesamtlast;6000;14,176831;46,632544
Brcke;K13/Re.;Wegunterfhrung;A02;1;333,585;max. Gesamtlast;6000;14,173795;46,633289
Brcke;K13/Li.;Wegunterfhrung;A02;2;333,596;max. Gesamtlast;6000;14,173611;46,633169
Brcke;K13-1B;Wegunterf.St.Oswalderw.(Auff.);A02;0;334,142;;6000;14,165452;46,632807
Brcke;K13-1A;Wegunterf.St.Oswalderw.(Abf.);A02;0;334,153;;6000;14,165268;46,632811
Brcke;K13,1/Re.;Unterf.der Abfahrtsspur;A02;1;334,229;max. Gesamtlast;6000;14,165734;46,634775
Brcke;K13,1/Li.;Unterf.der Abfahrtsspur;A02;2;334,240;max. Gesamtlast;6000;14,165536;46,634708
Brcke;K15/Re.;Straáenunterfhrung;A02;1;334,776;max. Gesamtlast;6000;14,159378;46,637181
Brcke;K15/Li.;Straáenunterfhrung;A02;2;334,778;max. Gesamtlast;6000;14,159252;46,637091
Brcke;K16/Li.;Straáenunterfhrung;A02;2;335,258;max. Gesamtlast;6000;14,153638;46,639081
Brcke;K16/Re.;Straáenunterfhrung;A02;1;335,259;max. Gesamtlast;6000;14,153708;46,639191
Brcke;K18/Li.;Wegunterfhrung Bannwaldstrasse;A02;2;336,036;;6000;14,143773;46,64016
Brcke;K18/Re.;Wegunterfhrung Bannwaldstrasse;A02;1;336,039;max. Gesamtlast;6000;14,143819;46,640283
Brcke;K19/Li.;Wegunterfhrung Rumpeleweg;A02;2;336,408;max. Gesamtlast;6000;14,138979;46,640498
Brcke;K19/Re.;Wegunterfhrung Rumpeleweg;A02;1;336,409;max. Gesamtlast;6000;14,139027;46,640616
Brcke;K20/Li.;Unterf.Mitterteicherstr.L73;A02;2;336,911;max. Gesamtlast;6000;14,132633;46,640932
Brcke;K20/Re.;Unterf.Mitterteicherstr.L73;A02;1;336,913;max. Gesamtlast;6000;14,132601;46,641052
Brcke;K21/Re.;Wegunterfhrung;A02;1;337,138;max. Gesamtlast;6000;14,129838;46,640425
Brcke;K21/Li.;Wegunterfhrung;A02;2;337,140;max. Gesamtlast;6000;14,129849;46,640285
Brcke;K23/Li.;Wegunterfhrung;A02;2;337,563;max. Gesamtlast;6000;14,124941;46,638595
Brcke;K23/Re.;Wegunterfhrung;A02;1;337,564;max. Gesamtlast;6000;14,124868;46,638717
Brcke;V01/Li.;Talbrcke T”schling;A02;2;338,769;max. Gesamtlast;6000;14,110352;46,634981
Brcke;V01/Re.;Talbrcke T”schling;A02;1;338,770;;6000;14,110271;46,635089
Brcke;V02/Re.;Unterf.Abf.Sp.P”rtschach West;A02;1;339,125;max. Gesamtlast;6000;14,106052;46,633896
Brcke;V02/Li.;Unterf.Abf.Sp.P”rtschach West;A02;2;339,131;max. Gesamtlast;6000;14,105988;46,633754
Brcke;V03;Wegunterfhrung;A02;0;339,731;max. Gesamtlast;6000;14,098461;46,632297
Brcke;V04,1/Li.;Talbrcke Forstsee;A02;2;340,377;max. Gesamtlast;6000;14,091179;46,62941
Brcke;V04,1/Re.;Talbrcke Forstsee;A02;1;340,378;max. Gesamtlast;6000;14,09108;46,629521
Brcke;V04,2/Li.;Talbrcke Forstsee;A02;2;340,551;max. Gesamtlast;6000;14,089259;46,628579
Brcke;V04,2/Re.;Talbrcke Forstsee;A02;1;340,553;max. Gesamtlast;6000;14,089168;46,628683
Brcke;V05/4/01;Gerinnequerung - Nebenanlage;A02;0;341,111;;;14,08287;46,626034
Brcke;V05/1/Re.;Hangbrcke Saag;A02;1;341,765;max. Gesamtlast;6000;14,074681;46,623877
Brcke;V05/1/Li.;Hangbrcke Saag;A02;2;341,777;max. Gesamtlast;6000;14,074541;46,623727
Brcke;V05/3/01;Querung Druckrohrltg - Nebenanlage;A02;0;341,934;;;14,07279;46,623612
Brcke;V05/2;Hangbrcke Saag;A02;0;342,142;max. Gesamtlast;6000;14,068698;46,622962
Brcke;V05-2/Re.;Unterf.Zubr.Velden Ost;A02;0;342,586;;;14,064156;46,621742
Brcke;V05-2/Li.;Unterf.Zubr.Velden Ost;A02;0;342,586;;;14,064151;46,621692
Brcke;V07/Re.;Unterf.R”merbach u.Weg;A02;1;343,354;max. Gesamtlast;6000;14,054824;46,624626
Brcke;V07/Li.;Unterf.R”merbach u.Weg;A02;2;343,354;max. Gesamtlast;6000;14,054796;46,624448
Brcke;V08/Li.;Unterf.G”riacherweg;A02;2;343,722;max. Gesamtlast;6000;14,050183;46,623742
Brcke;V08/Re.;Unterf.G”riacherweg;A02;1;343,736;max. Gesamtlast;6000;14,050057;46,623914
Brcke;V08,1/Li.;Wegunterfhrung;A02;2;344,135;max. Gesamtlast;6000;14,045265;46,622286
Brcke;V08,1/Re.;Wegunterfhrung;A02;1;344,144;max. Gesamtlast;6000;14,045223;46,622475
Brcke;V10/Li.;Wegunterf.Kranzlhofen;A02;2;344,958;max. Gesamtlast;6000;14,034641;46,621941
Brcke;V10/Re.;Wegunterf.Kranzlhofen;A02;1;344,966;max. Gesamtlast;6000;14,03461;46,622075
Brcke;V12-1;šberf.Gemeindestr.Marienhof;A02;0;345,628;max. Gesamtlast;6000;14,026216;46,617166
Brcke;V11,1;Feldwegbrcke Damtschacherbach;A02;3;345,651;;;14,025606;46,621935
Brcke;V11/Li.;Unterf.L47 u.Damtschacherbach;A02;2;345,658;max. Gesamtlast;6000;14,025519;46,621925
Brcke;V11/Re.;Unterf.L47 u.Damtschacherbach;A02;1;345,666;max. Gesamtlast;6000;14,025448;46,622063
Brcke;V12-2A;Unterf.™BB Velden West(Abf.);A02;0;345,960;max. Gesamtlast;6000;14,022791;46,613066
Brcke;V12-2B;Unterf.™BB Velden West(Auff.);A02;0;345,960;max. Gesamtlast;6000;14,022905;46,613107
Brcke;V12-3;Wegunterf.Auff.Velden-Klgf.;A02;0;346,030;max. Gesamtlast;6000;14,020682;46,620851
Brcke;V12/Li.;Unterf.AB-Zubr.Velden West;A02;2;346,089;max. Gesamtlast;6000;14,019918;46,621304
Brcke;V12/Re.;Unterf.AB-Zubr.Velden West;A02;1;346,093;max. Gesamtlast;6000;14,019862;46,621434
Brcke;V13/Li.;Unterfhrung Feldweg;A02;2;346,675;max. Gesamtlast;6000;14,012219;46,621167
Brcke;V13/Re.;Unterfhrung Feldweg;A02;1;346,682;max. Gesamtlast;6000;14,012185;46,621297
Brcke;V14/Li.;Unterf. Gemeindestraáe;A02;2;347,639;max. Gesamtlast;6000;14,000418;46,618384
Brcke;V14/Re.;Unterf. Gemeindestraáe;A02;1;347,640;max. Gesamtlast;6000;14,000355;46,618514
Brcke;V15/Re.;Unterf. Gemeindestraáe;A02;1;348,547;max. Gesamtlast;6000;13,988778;46,617874
Brcke;V15/Li.;Unterf. Gemeindestraáe;A02;2;348,547;max. Gesamtlast;6000;13,988739;46,617741
Brcke;V16/Re.;Unterf. Gemeindestraáe;A02;1;349,540;max. Gesamtlast;6000;13,977062;46,621639
Brcke;V16/Li.;Unterf. Gemeindestraáe;A02;2;349,546;max. Gesamtlast;6000;13,976892;46,621547
Brcke;V18/Li.;Weg- u. Bachunterf.;A02;2;350,559;max. Gesamtlast;6000;13,964405;46,624096
Brcke;V18/Re.;Weg- u. Bachunterf.;A02;1;350,563;max. Gesamtlast;6000;13,964336;46,624236
Brcke;V19,1;Wegberfhrung;A02;0;351,312;max. Gesamtlast;6000;13,954586;46,623729
Brcke;V20;Fuág„ngerunterfhrung;A02;0;351,798;max. Gesamtlast;6000;13,948463;46,622675
Brcke;V20,1;Unterf.Umkehrspur;A02;0;352,159;max. Gesamtlast;6000;13,943918;46,621825
Brcke;V21/Li.;Unterfhrung B83;A02;2;352,244;max. Gesamtlast;6000;13,942869;46,621641
Brcke;V21/Re.;Unterfhrung B83;A02;1;352,260;max. Gesamtlast;6000;13,942591;46,621763
Brcke;V22,1/Re.;Wegunterfhrung;A02;1;352,756;max. Gesamtlast;6000;13,936224;46,62209
Brcke;V22,1/Li.;Wegunterfhrung;A02;2;352,758;max. Gesamtlast;6000;13,936144;46,621947
Brcke;V23,1;šberf.Ortsweg Schloá Wernberg;A02;0;353,280;max. Gesamtlast;6000;13,929691;46,623485
Brcke;V26/Li.;Unterf.Ortsweg Drautschen;A02;2;354,296;max. Gesamtlast;6000;13,916698;46,62291
Brcke;V26/Re.;Unterf.Ortsweg Drautschen;A02;1;354,302;max. Gesamtlast;6000;13,916555;46,623037
Brcke;V27/01;Durchlass Michaeler Bach;A02;0;354,720;;;13,911771;46,621281
Brcke;V27,1/Re.;Unterf.Ortsweg Zauchen;A02;1;354,877;max. Gesamtlast;6000;13,909838;46,620745
Brcke;V27,1/Li.;Unterf.Ortsweg Zauchen;A02;2;354,877;max. Gesamtlast;6000;13,909997;46,620554
Brcke;V28;Unterfhrung Spur 700;A02;0;355,388;max. Gesamtlast;6000;13,904319;46,61821
Brcke;V29A;šberfhrung Spur 1000;A02;0;355,396;max. Gesamtlast;6000;13,904149;46,618252
Brcke;R52;Unterf.Spur 900 u.200;A02;2;355,570;max. Gesamtlast;6000;13,903709;46,616428
Brcke;R53/Li.;Unterf.Spur 900 u.200;A02;2;355,570;max. Gesamtlast;6000;13,902437;46,617124
Brcke;R53/Re.;Unterf.Spur 900 u.200;A02;1;355,572;max. Gesamtlast;6000;13,902283;46,617228
Brcke;V30/Li.;Unterf.™BB u.St.Magdalenerstr.;A02;2;356,163;max. Gesamtlast;6000;13,897012;46,613402
Brcke;V30/Re.;Unterf.™BB u.St.Magdalenerstr.;A02;1;356,178;max. Gesamtlast;6000;13,896661;46,613383
Brcke;V31/Li.;Draubrcke;A02;2;356,924;max. Gesamtlast;6000;13,891695;46,607636
Brcke;V31/Re.;Draubrcke;A02;1;356,936;max. Gesamtlast;6000;13,891434;46,607601
Brcke;V32;UNTRF.GROáSATTELSTR.L58;A02;0;357,554;max. Gesamtlast;6000;13,887629;46,602762
Brcke;V33-7A;Unterf.Gem.Str.M.Gail-Prossow.;A02;0;357,829;max. Gesamtlast;6000;13,884348;46,601113
Brcke;V33-6;Unterf.Gemeindestr.(Auff.Ital);A02;0;357,865;max. Gesamtlast;6000;13,884297;46,600782
Brcke;V33/Li.;Unterf.Faakerseestr. B84;A02;2;358,010;max. Gesamtlast;6000;13,883863;46,598679
Brcke;V33/Re.;Unterf.Faakerseestr. B84;A02;1;358,076;max. Gesamtlast;6000;13,883749;46,598874
Brcke;V34/Re.;Unterf. Gemeindestr. Dobrova;A02;1;358,475;max. Gesamtlast;6000;13,880379;46,596101
Brcke;V34/Li.;Unterf. Gemeindestr. Dobrova;A02;2;358,478;max. Gesamtlast;6000;13,880509;46,595952
Brcke;V35;Unterf.Gemeindestr.Bogen;A02;0;359,910;max. Gesamtlast;6000;13,864982;46,588907
Brcke;V36,1/1;Feldwegbrcke;A02;3;360,162;;;13,861976;46,587995
Brcke;V36/Re.;Unterf.Bach und Weg;A02;1;360,166;max. Gesamtlast;6000;13,861924;46,58797
Brcke;V36/Li.;Unterf.Bach und Weg;A02;2;360,168;max. Gesamtlast;6000;13,862011;46,587843
Brcke;V37,1/Re.;Unterf.Gemeindestraáe;A02;1;360,524;max. Gesamtlast;6000;13,857715;46,586607
Brcke;V37,1/Li.;Unterf.Gemeindestraáe;A02;2;360,527;max. Gesamtlast;6000;13,857753;46,586463
Brcke;V38/1/Re.;Unterf.™BB u.Finkensteiner L51;A02;1;362,149;max. Gesamtlast;6000;13,840796;46,578082
Brcke;V38/1/Li.;Unterf.™BB u.Finkensteiner L51;A02;2;362,149;max. Gesamtlast;6000;13,840955;46,577995
Brcke;V38/2/Re.;Unterf.™BB u.Finkensteiner L51;A02;1;362,258;max. Gesamtlast;6000;13,839915;46,577327
Brcke;V38/2/Li.;Unterf.™BB u.Finkensteiner L51;A02;2;362,258;max. Gesamtlast;6000;13,840072;46,577235
Brcke;V38/3/Li.;Unterf.™BB u.Finkensteiner L51;A02;2;362,526;max. Gesamtlast;6000;13,837883;46,575358
Brcke;V38/3/Re.;Unterf.™BB u.Finkensteiner L51;A02;1;362,527;max. Gesamtlast;6000;13,837709;46,575432
Brcke;V40-1A;Unterfhrung Zubringer;A02;0;363,536;;6000;13,826375;46,572088
Brcke;V40/Re.;Unterf.Zubr.Spur 1100 u.1200;A02;1;363,940;;6000;13,821634;46,570903
Brcke;V40/Li.;Unterf.Zubr.Spur 1100 u.1200;A02;2;363,948;;6000;13,821531;46,570746
Brcke;V41/1/Re.;Talbergang Federaun;A02;1;364,496;max. Gesamtlast;6000;13,814567;46,569844
Brcke;V41/1/Li.;Talbergang Federaun;A02;2;364,497;max. Gesamtlast;6000;13,814595;46,569705
Brcke;V41/2/Re.;Talbergang Federaun;A02;1;364,671;max. Gesamtlast;6000;13,812298;46,569728
Brcke;V41/2/Li.;Talbergang Federaun;A02;2;364,675;max. Gesamtlast;6000;13,812303;46,569588
Brcke;V42/Re.;Unterfhrung L 30;A02;1;366,853;max. Gesamtlast;6000;13,784328;46,56747
Brcke;V42/Li.;Unterfhrung L 30;A02;2;366,856;max. Gesamtlast;6000;13,784318;46,567328
Brcke;V43/Li.;Unterfhrung L 30;A02;2;368,480;max. Gesamtlast;6000;13,765961;46,560618
Brcke;V43/Re.;Unterfhrung L 30;A02;1;368,485;max. Gesamtlast;6000;13,765751;46,560684
Brcke;V44/Li.;Gailbrcke;A02;2;368,739;;6000;13,763228;46,559234
Brcke;V44/Re.;Gailbrcke;A02;1;368,746;max. Gesamtlast;6000;13,763032;46,559319
Brcke;V45/Li.;Unterfhrung L 30;A02;2;368,910;max. Gesamtlast;6000;13,761287;46,558485
Brcke;V45/Re.;Unterfhrung L 30;A02;1;368,913;max. Gesamtlast;6000;13,761139;46,558591
Brcke;V45A;Pipeline-Durchlaá;A02;0;369,095;max. Gesamtlast;6000;13,758974;46,557979
Brcke;V46;Wilddurchlaá;A02;0;370,596;max. Gesamtlast;6000;13,74172;46,562589
Brcke;V47/Re.;Wegunterf.u.Wilddurchlaá;A02;1;372,126;max. Gesamtlast;6000;13,724175;46,568405
Brcke;V47/Li.;Wegunterf.u.Wilddurchlaá;A02;2;372,127;max. Gesamtlast;6000;13,72416;46,568265
Brcke;V48;Unterf. AWP (Durchlaá);A02;0;373,089;max. Gesamtlast;6000;13,711664;46,568785
Brcke;V48A/Li.;Unterf.der Rampe 200;A02;2;373,861;max. Gesamtlast;6000;13,701902;46,570261
Brcke;V48A/Re.;Unterf.der Rampe 200;A02;1;373,862;max. Gesamtlast;6000;13,701916;46,570402
Brcke;V49/Re.;Unterfhrung ™BB und B111;A02;1;374,507;max. Gesamtlast;6000;13,693755;46,569258
Brcke;V49/Li.;Unterfhrung ™BB und B111;A02;2;374,507;max. Gesamtlast;6000;13,693852;46,569131
Brcke;V49A/2;Pipeline - Durchlaá;A02;0;374,738;max. Gesamtlast;6000;13,691603;46,567735
Brcke;V49A/1;Pipeline - Durchlaá;A02;0;374,749;max. Gesamtlast;6000;13,691146;46,568063
Brcke;V49A/3;Pipeline - Durchlaá;A02;0;374,749;max. Gesamtlast;6000;13,690788;46,568318
Brcke;V50/Li.;Gailitzbrcke;A02;2;374,994;max. Gesamtlast;6000;13,68898;46,566459
Brcke;V50/Re.;Gailitzbrcke;A02;1;374,995;max. Gesamtlast;6000;13,688815;46,566541
Brcke;V51;Wegberfhrung;A02;0;376,695;max. Gesamtlast;6000;13,683118;46,552138
Brcke;V52-1;Unterf.™BB u.B83 (Abfahrt);A02;0;376,934;max. Gesamtlast;6000;13,680942;46,549775
Brcke;V52/Li.;Unterf. ™BB u. B83;A02;2;376,983;max. Gesamtlast;6000;13,681598;46,549783
Brcke;V52/Re.;Unterf. ™BB u. B83;A02;1;376,990;max. Gesamtlast;6000;13,68137;46,549772
Brcke;V52-2/R;Krebsenbachbrcke;A02;0;377,023;max. Gesamtlast;6000;13,676657;46,550542
Brcke;V52-2/L;Krebsenbachbrcke;A02;0;377,023;;;13,676482;46,550585
Brcke;V52-3;Feldwegbrcke - Nebenanlage;A02;0;377,023;;;13,678328;46,55021
Brcke;V53/Li.;Gailitzbrcke Greuth;A02;2;377,337;max. Gesamtlast;6000;13,680232;46,546449
Brcke;V53/Re.;Gailitzbrcke Greuth;A02;1;377,340;max. Gesamtlast;6000;13,679984;46,546332
Brcke;V54/Re.;Unterf.Zuf.Amtsplatz I;A02;1;377,529;max. Gesamtlast;6000;13,679034;46,544783
Brcke;V54/Li.;Unterf.Zuf.Amtsplatz I;A02;2;377,529;max. Gesamtlast;6000;13,679216;46,544712
Brcke;V55-2;Schauschachbachunterf.Sp.20;A02;0;377,709;max. Gesamtlast;6000;13,678091;46,543159
Brcke;V55/Li.;Unterf.Gterspur 20;A02;2;377,738;max. Gesamtlast;6000;13,677623;46,543193
Brcke;V55/Re.;Unterf.Gterspur 20;A02;1;377,747;max. Gesamtlast;6000;13,677376;46,543207
Brcke;V55-3;Schauschachbachunterf.Sp.20;A02;0;377,802;max. Gesamtlast;6000;13,677253;46,542525
Brcke;V55,1;Kollektor Amtsplatz;A02;0;378,147;;;13,67282;46,54154
Brcke;V55,2/Re.;Unterf.Gterspur 40;A02;1;378,792;max. Gesamtlast;6000;13,665559;46,53876
Brcke;V55,2/Li.;Unterf.Gterspur 40;A02;2;378,801;max. Gesamtlast;6000;13,665499;46,538615
Brcke;V55,3;Unterf.Zainerbach;A02;0;378,906;max. Gesamtlast;6000;13,664178;46,538562
Brcke;V55,5;Unterf.Zainerbach;A02;0;378,931;max. Gesamtlast;6000;13,663957;46,537768
Brcke;V55,4;šberfhrung Maurerweg;A02;0;379,124;max. Gesamtlast;6000;13,661353;46,538127
Brcke;V56,2/1;Feldwegbrcke;A02;0;379,333;;;13,65864;46,538569
Brcke;V56/Re.;Gailitzbrcke Th”rl;A02;1;379,500;max. Gesamtlast;6000;13,656496;46,538483
Brcke;V56/Li.;Gailitzbrcke Th”rl;A02;2;379,501;max. Gesamtlast;6000;13,656478;46,538281
Brcke;V56,1;Oberth”rlerbachunterfhrung;A02;0;379,938;max. Gesamtlast;6000;13,651037;46,538548
Brcke;V57/Re.;Unterf.Betriebsumk.u.Leykamweg;A02;1;380,000;max. Gesamtlast;6000;13,649984;46,538643
Brcke;V57/Li.;Unterf.Betriebsumk.u.Leykamweg;A02;2;380,000;max. Gesamtlast;6000;13,650028;46,538444
Brcke;V58;Fuáwegunterf.Spur 50;A02;0;380,687;max. Gesamtlast;6000;13,641497;46,535914
Brcke;V59;Grenzbachdurchlaá;A02;0;380,819;max. Gesamtlast;6000;13,641617;46,534523
Brcke;A010.240/L;L1 Unterfhrung Verbindungsstraáe;A10;2;112,117;;;13,601553;47,028975
Brcke;A010.240/R;L1 Unterfhrung Verbindungsstraáe;A10;1;112,119;;;13,601385;47,028894
Brcke;A010.241;L2 Durchlaá Katschberg;A10;0;112,669;;;13,606021;47,025146
Brcke;A010.242;L3 Wellblechdurchl. Kuchelsbach;A10;0;112,905;;;13,608333;47,023657
Brcke;A010.243/L;L9 Unterfhrung Katschberg Bundesstraáe;A10;2;113,102;;;13,610325;47,022563
Brcke;A010.243/R;L9 Unterfhrung Katschberg Bundesstraáe;A10;1;113,120;;;13,610402;47,022343
Brcke;A010.244;L10 Wellblechdurchl. St. Georgenbach;A10;0;113,338;;;13,612336;47,02091
Brcke;A010.245;L11 Wellblechdurchl. Frankenbergweg;A10;0;113,862;;;13,616143;47,017018
Brcke;A010.246;L11/1 Wellblechdurchl. Lientscherbach;A10;0;113,877;;;13,616116;47,016848
Brcke;A010.248/L;L13 Brcke ber den Lauánitzbach;A10;2;114,859;;;13,619911;47,008435
Brcke;A010.248/R;L13 Brcke ber den Lauánitzbach;A10;1;114,865;;;13,619748;47,008352
Brcke;A010.249;L14/1 Bruggerbachweg;A10;2;115,512;;;13,621263;47,002546
Brcke;A010.250;L14 Wellbelchdurchlass  Bruggerbach;A10;0;115,559;;;13,620501;47,002129
Brcke;A010.251;L15 Wellblechdurchl. Wirtschaftsweg;A10;0;115,696;;;13,62056;47,000941
Brcke;A010.252/R;L16 Brcke ber den Riederbach;A10;1;116,111;;;13,619824;46,997265
Brcke;A010.252/L;L16 Brcke ber den Riederbach;A10;2;116,111;;;13,620006;46,997264
Brcke;A010.253;L17 Wellblechdurchl. Wirtschaftsweg;A10;0;116,907;;;13,622697;46,990411
Brcke;A010.254/R;L21 Brcke ber Hochfeldbach;A10;1;117,818;;;13,62356;46,982311
Brcke;A010.254/L;L21 Brcke ber Hochfeldbach;A10;2;117,822;;;13,623733;46,982263
Brcke;A010.254a;L21/1 Begleitweg;A10;0;117,827;;;13,624441;46,982015
Brcke;A010.255;L22 Hangbrcke Rauchenkatsch;A10;0;118,870;;;13,622859;46,969763
Brcke;A010.255a;L22/2 Feldwegbrcke;A10;0;119,065;;;13,621296;46,971144
Brcke;A010.256;L22/1 Betriebsumkehr Kremsbrcke;A10;1;119,813;;;13,620889;46,963933
Brcke;A010.257;L23 Talbergang Kremsbrcke;A10;0;120,782;;;13,616944;46,958409
Brcke;A010.258;L25 Hangbrcke Pressingberg;A10;0;122,087;;;13,611214;46,9459
Brcke;A010.259/R;L26 Talbergang Leoben;A10;1;123,134;;;13,606357;46,936893
Brcke;A010.259/L;L26 Talbergang Leoben;A10;2;123,134;;;13,606495;46,936823
Brcke;A010.260/R;L27 Hangbrcke Hammerboden;A10;1;123,866;;;13,600065;46,931953
Brcke;A010.260/L;L27 Hangbrcke Hammerboden;A10;2;123,866;;;13,600179;46,931866
Brcke;A010.261;L27/1 Hangbrcke Pirkeggen;A10;1;124,316;;;13,595369;46,92971
Brcke;A010.262/L;L28 Hangbrcke Keuschenbauer;A10;2;124,627;;;13,592043;46,928117
Brcke;A010.262/R;L28 Hangbrcke Keuschenbauer;A10;1;124,628;;;13,591944;46,928211
Brcke;A010.263/L;L30 Hangbrcke Gamschitz;A10;2;125,605;;;13,582503;46,922172
Brcke;A010.263/R;L30 Hangbrcke Gamschitz;A10;1;125,606;;;13,581879;46,92203
Brcke;A010.264/L 31/1;L31/1 Rampenbrcke zur Rastst„tte;A10;1;125,907;;;13,580329;46,9216
Brcke;A010.265/R;L31 Talbergang Eisentratten;A10;1;126,103;;;13,576685;46,920194
Brcke;A010.265/L;L31 Talbergang Eisentratten;A10;2;126,103;;;13,576755;46,920089
Brcke;A010.266/R;L32 Hangbrcke Puchreith;A10;1;127,175;;;13,56438;46,916906
Brcke;A010.266/L;L32 Hangbrcke Puchreith;A10;2;127,175;;;13,564468;46,916808
Brcke;A010.267/R;L34 Hangbrcke Galgenbichl;A10;1;128,726;;;13,547487;46,908545
Brcke;A010.267/L;L34 Hangbrcke Galgenbichl;A10;2;128,726;;;13,547585;46,908451
Brcke;A010.268/L;L35 Fuág„ngerdurchlaá;A10;2;129,590;max. Gesamtlast;6000;13,54172;46,901844
Brcke;A010.268/R;L35 Fuág„ngerdurchlaá;A10;1;129,596;max. Gesamtlast;6000;13,541529;46,901929
Brcke;A010.270/R;L36 Unterfhrung des Zubringers;A10;1;130,036;;;13,536817;46,89988
Brcke;A010.270/L;L36 Unterfhrung des Zubringers;A10;2;130,038;;;13,536822;46,899755
Brcke;A010.269;M01 Unterf.d.Trefflinger Ldsstr.(Zubr.);A10;0;130,399;max. Gesamtlast;6000;13,531729;46,900693
Brcke;A010.271/R;L37 Talbergang Gmnd;A10;1;130,600;;;13,529913;46,899247
Brcke;A010.271/L;L37 Talbergang Gmnd;A10;2;130,641;;;13,529687;46,89903
Brcke;A010.272;L37/1 šberf. der Trebesinger L10;A10;0;131,835;;6000;13,519443;46,890752
Brcke;L38/L;Radelgrabenbrcke;A10;2;132,204;max. Gesamtlast;6000;13,517321;46,887613
Brcke;L38/R;Radelgrabenbrcke;A10;1;132,205;max. Gesamtlast;6000;13,517169;46,887683
Brcke;L38,1/Li.;Unterfhrung Trebesing;A10;2;133,054;max. Gesamtlast;6000;13,511417;46,881459
Brcke;L38,1/Re.;Unterfhrung Trebesing;A10;1;133,063;max. Gesamtlast;6000;13,511224;46,881477
Brcke;L39/Li.;Rachenbachbrcke;A10;2;133,939;max. Gesamtlast;6000;13,506601;46,874112
Brcke;L39/Re.;Rachenbachbrcke;A10;1;133,943;max. Gesamtlast;6000;13,506413;46,874138
Brcke;L39,1/Li.;Unterfhrung Waltlwirt;A10;2;134,692;max. Gesamtlast;6000;13,505507;46,867821
Brcke;L39,1/Re.;Unterfhrung Waltlwirt;A10;1;134,695;max. Gesamtlast;6000;13,505319;46,867813
Brcke;L40;Hangbrcke Altersberg;A10;0;135,516;max. Gesamtlast;6000;13,50265;46,859854
Brcke;L41/R;Hangbrcke;A10;1;136,085;;;13,499934;46,855945
Brcke;L41/L;Hangbrcke;A10;2;136,085;max. Gesamtlast;6000;13,500108;46,855903
Brcke;L42;Wegberfhrung Altersberg;A10;0;136,871;max. Gesamtlast;6000;13,498166;46,849024
Brcke;L43/Re.;Talbergang Steinbrckenbach;A10;1;137,276;max. Gesamtlast;6000;13,498084;46,843365
Brcke;L43/Li.;Talbergang Steinbrckenbach;A10;2;137,277;max. Gesamtlast;6000;13,498274;46,843377
Brcke;L45/Re.;Hangbrcke;A10;1;138,011;max. Gesamtlast;6000;13,49561;46,839173
Brcke;L45/Li.;Hangbrcke;A10;2;138,012;max. Gesamtlast;6000;13,495755;46,839074
Brcke;L46/Re.;Lieserhofener Grabenbrcke;A10;1;138,781;max. Gesamtlast;6000;13,489306;46,833844
Brcke;L46/Li.;Lieserhofener Grabenbrcke;A10;2;138,788;max. Gesamtlast;6000;13,489489;46,833672
Brcke;L54,2;Unterf.Karlsdorfer L9;A10;2;139,301;max. Gesamtlast;6000;13,486605;46,829551
Brcke;L54,1;Unterf.Karlsdorfer L9;A10;1;139,305;max. Gesamtlast;6000;13,485411;46,830018
Brcke;L47;Unterfhrung der Spur 50;A10;1;139,568;max. Gesamtlast;6000;13,48474;46,827693
Brcke;L48-1;šberf.Spur 50;A10;0;139,685;max. Gesamtlast;6000;13,486106;46,826031
Brcke;L49-1;šberf.Spur 20;A10;0;139,685;max. Gesamtlast;6000;13,48665;46,82591
Brcke;L49;šberf.Spur 200;A10;2;139,700;max. Gesamtlast;6000;13,48631;46,825996
Brcke;L48;šberf.Spur 10 u.100;A10;1;139,716;max. Gesamtlast;6000;13,484678;46,826388
Brcke;L50;Unterf.Spur 30;A10;2;139,913;max. Gesamtlast;6000;13,486915;46,82412
Brcke;L51;Unterf.Gem.Str.Lurnbichl;A10;2;140,151;max. Gesamtlast;6000;13,488157;46,822157
Brcke;L51-1;Unterf.Gemeindestr.Lurnbichl;A10;0;140,250;max. Gesamtlast;6000;13,488484;46,822284
Brcke;L52;Unterf.Gem.Str.Lurnbichl;A10;1;140,266;max. Gesamtlast;6000;13,487224;46,821768
Brcke;L53/L;Brcke .d.Lieserschlucht;A10;2;140,967;max. Gesamtlast;6000;13,495114;46,816684
Brcke;L53/R;Brcke .d.Lieserschlucht;A10;1;141,097;max. Gesamtlast;6000;13,494989;46,816575
Brcke;D01-R;Wegunterfhrung;A10;1;142,904;max. Gesamtlast;6000;13,515599;46,808801
Brcke;D01-L;Wegunterfhrung;A10;2;142,904;max. Gesamtlast;6000;13,515565;46,808999
Brcke;D05;Hangbrcke Edling;A10;2;144,680;max. Gesamtlast;6000;13,518318;46,793736
Brcke;D04;Hangbrcke Edling;A10;1;144,775;max. Gesamtlast;6000;13,518293;46,793453
Brcke;D07;Bachdurchlass Zgurn;A10;0;145,904;;;13,529306;46,787461
Brcke;D08/L;Talbrcke Zgurn;A10;2;146,229;max. Gesamtlast;6000;13,534406;46,785606
Brcke;D08/R;Talbrcke Zgurn;A10;1;146,346;max. Gesamtlast;6000;13,534285;46,785469
Brcke;D09/L;Unterf.der Anschluárampen;A10;2;146,920;max. Gesamtlast;6000;13,541432;46,781671
Brcke;D09-1A;Unterf. B100 (Abfahrt);A10;0;147,035;max. Gesamtlast;6000;13,538372;46,779254
Brcke;D09/R;Unterf.der Anschluárampen;A10;1;147,036;max. Gesamtlast;6000;13,54128;46,781559
Brcke;D09-1B;Unterf. B100 (Auffahrt);A10;0;147,043;max. Gesamtlast;6000;13,538475;46,779205
Brcke;D10/L;Unterf. Baldersdorferweg;A10;2;147,408;max. Gesamtlast;6000;13,546111;46,77876
Brcke;D10/R;Unterf. Baldersdorferweg;A10;1;147,517;max. Gesamtlast;6000;13,545962;46,778659
Brcke;D11/L;Unterf.Zufahrt Molzbichl;A10;2;148,019;max. Gesamtlast;6000;13,550557;46,774261
Brcke;D11/R;Unterf.Zufahrt Molzbichl;A10;1;148,112;max. Gesamtlast;6000;13,550296;46,774307
Brcke;D12/L;Unterf.™BB u. B100;A10;2;148,345;max. Gesamtlast;6000;13,552481;46,771627
Brcke;D12/R;Unterf.™BB u. B100;A10;1;148,438;max. Gesamtlast;6000;13,552203;46,771683
Brcke;D13,1;Unterfhrung Beleitgerinne;A10;0;149,621;max. Gesamtlast;6000;13,561564;46,763268
Brcke;D13/L;Unterf.Betriebsumkehr;A10;2;150,876;max. Gesamtlast;6000;13,57158;46,753248
Brcke;D13/R;Unterf.Betriebsumkehr;A10;1;150,987;max. Gesamtlast;6000;13,571437;46,753147
Brcke;D14/L;Draubrcke Mauthbrcken;A10;2;151,450;max. Gesamtlast;6000;13,575891;46,749106
Brcke;D14-2;Schwarzenbachdurchlaá;A10;0;151,511;max. Gesamtlast;6000;13,576257;46,749589
Brcke;D14/R;Draubrcke Mauthbrcken;A10;1;151,535;max. Gesamtlast;6000;13,575604;46,749188
Brcke;D14,1/L;Unterfhrung Waldweg;A10;2;152,151;max. Gesamtlast;6000;13,581467;46,744226
Brcke;D14,1/R;Unterfhrung Waldweg;A10;1;152,261;max. Gesamtlast;6000;13,581347;46,744114
Brcke;D15;Durchlaá Zieblerbach;A10;0;152,512;max. Gesamtlast;6000;13,58426;46,742789
Brcke;D16/L;Unterf.Zlanerstr.L31;A10;2;153,158;max. Gesamtlast;6000;13,591379;46,738334
Brcke;D16/R;Unterf.Zlanerstr.L31;A10;1;153,268;max. Gesamtlast;6000;13,59122;46,738241
Brcke;D18/1/L;Unterf.Druckrohrleit.Kamering;A10;2;153,301;max. Gesamtlast;6000;13,592803;46,737505
Brcke;D17;Bachdurchlaá Griesgraben;A10;0;153,345;max. Gesamtlast;6000;13,591909;46,737737
Brcke;D18/2;Unterf.Druckrohrleit.Kamering;A10;0;153,407;max. Gesamtlast;6000;13,592528;46,737267
Brcke;D18/1/R;Unterf.Druckrohrleit.Kamering;A10;1;153,416;max. Gesamtlast;6000;13,592684;46,737394
Brcke;D19;Durchlaá Tragailerbach;A10;0;154,248;max. Gesamtlast;6000;13,600306;46,732162
Brcke;D20/L;Unterfhrung Tragailerweg;A10;2;154,341;max. Gesamtlast;6000;13,602579;46,731125
Brcke;D20/R;Unterfhrung Tragailerweg;A10;1;154,448;max. Gesamtlast;6000;13,602353;46,731061
Brcke;D22/L;Weg u. Bachdurchl. Manichbach;A10;2;155,194;max. Gesamtlast;6000;13,610919;46,726076
Brcke;D22/R;Weg u. Bachdurchl. Manichbach;A10;1;155,306;max. Gesamtlast;6000;13,610766;46,725984
Brcke;D23/L;Weg+Bachdurchl.Aifersdorferb.;A10;2;156,029;max. Gesamtlast;6000;13,617449;46,72011
Brcke;D23/R;Weg+Bachdurchl.Aifersdorferb.;A10;1;156,137;max. Gesamtlast;6000;13,617278;46,720033
Brcke;D24/L;Unterf.Forstweg;A10;2;156,729;max. Gesamtlast;6000;13,622288;46,714765
Brcke;D24/R;Unterf.Forstweg;A10;1;156,841;max. Gesamtlast;6000;13,622132;46,714677
Brcke;D25/L;Unterf.Betriebsumkehr;A10;2;157,572;max. Gesamtlast;6000;13,630801;46,709994
Brcke;D25/R;Unterf.Betriebsumkehr;A10;1;157,687;max. Gesamtlast;6000;13,630663;46,709891
Brcke;D26/L;Hangbrcke Nikelsdorf;A10;2;158,564;;6000;13,638403;46,702877
Brcke;D26/R;Hangbrcke Nikelsdorf;A10;1;158,678;max. Gesamtlast;6000;13,638327;46,702727
Brcke;D27/L;Grabenbrcke P”llan;A10;2;159,263;max. Gesamtlast;6000;13,644958;46,698517
Brcke;D27/R;Grabenbrcke P”llan;A10;1;159,375;max. Gesamtlast;6000;13,64477;46,698446
Brcke;D28/L;Unterf.Kreuznerstr. L33;A10;2;159,575;max. Gesamtlast;6000;13,646596;46,696012
Brcke;D28/R;Unterf.Kreuznerstr. L33;A10;1;159,680;max. Gesamtlast;6000;13,646406;46,695965
Brcke;D29;šberf.Brilissenweg;A10;0;160,154;max. Gesamtlast;6000;13,649186;46,692154
Brcke;D30;šberf.Waldweg;A10;0;161,376;max. Gesamtlast;6000;13,661138;46,685102
Brcke;D31/L;Koflachgrabenbrcke;A10;2;161,487;max. Gesamtlast;6000;13,663999;46,684378
Brcke;D31/R;Koflachgrabenbrcke;A10;1;161,608;max. Gesamtlast;6000;13,663933;46,684247
Brcke;D32;šberf. Rubl„nderstraáe;A10;0;161,856;max. Gesamtlast;6000;13,667031;46,683789
Brcke;D33/L;Unterf. Zufahrt Rasthaus;A10;2;162,252;max. Gesamtlast;6000;13,673371;46,6821
Brcke;D33/R;Unterf. Zufahrt Rasthaus;A10;1;162,359;max. Gesamtlast;6000;13,673238;46,68199
Brcke;D34/2;Bachdurchlaá;A10;0;162,947;max. Gesamtlast;6000;13,680605;46,680213
Brcke;D34/1;Bachdurchlaá;A10;0;162,949;max. Gesamtlast;6000;13,680726;46,680773
Brcke;D35A/L;Unterf.Weg-u.Wilddurchlaá;A10;2;164,758;max. Gesamtlast;6000;13,703129;46,672896
Brcke;D35A/R;Unterf.Weg-u.Wilddurchlaá;A10;1;164,869;max. Gesamtlast;6000;13,703028;46,672776
Brcke;D35/L;Grabenbrcke Kellerberg;A10;2;165,059;max. Gesamtlast;6000;13,706706;46,671736
Brcke;D35/R;Grabenbrcke Kellerberg;A10;1;165,173;max. Gesamtlast;6000;13,706633;46,671605
Brcke;D36/L;Unterf. Waldweg Kroisler;A10;2;165,985;max. Gesamtlast;6000;13,716623;46,667079
Brcke;D36/R;Unterf. Waldweg Kroisler;A10;1;166,093;max. Gesamtlast;6000;13,716459;46,666985
Brcke;D38/L;Stadelbachbrcke;A10;2;167,203;max. Gesamtlast;6000;13,728427;46,659817
Brcke;D38/R;Stadelbachbrcke;A10;1;167,296;max. Gesamtlast;6000;13,72797;46,659814
Brcke;D39/L;Unterf.Weg u.Bach;A10;2;167,658;max. Gesamtlast;6000;13,73337;46,657526
Brcke;D39/R;Unterf.Weg u.Bach;A10;1;167,778;max. Gesamtlast;6000;13,73325;46,657414
Brcke;D40/L;Unterf.Weg- u.Bach;A10;2;168,649;max. Gesamtlast;6000;13,743954;46,65236
Brcke;D40-1;Wirtschaftswegbrcke;A10;0;168,765;;;13,743676;46,652006
Brcke;D40/R;Unterf.Weg- u.Bach;A10;1;168,771;max. Gesamtlast;6000;13,743858;46,652235
Brcke;D41/L;Unterf.Weg-u.Bach;A10;2;169,328;max. Gesamtlast;6000;13,752239;46,650161
Brcke;D41-2;Wirtschaftswegbrcke;A10;0;169,448;max. Gesamtlast;6000;13,75213;46,649862
Brcke;D41/R;Unterf.Weg-u.Bach;A10;1;169,449;max. Gesamtlast;6000;13,752177;46,650029
Brcke;D41-1;Maaswegbrcke;A10;0;169,504;max. Gesamtlast;6000;13,753219;46,650531
Brcke;D42/L;Wegunterf. Kannweg;A10;2;170,197;max. Gesamtlast;6000;13,763258;46,648135
Brcke;D42/R;Wegunterf. Kannweg;A10;1;170,327;max. Gesamtlast;6000;13,763221;46,647999
Brcke;D42,1/L;Unterf.Druckrohrleitung BBU;A10;2;170,381;max. Gesamtlast;6000;13,765656;46,647866
Brcke;D42,1/R;Unterf.Druckrohrleitung BBU;A10;1;170,509;max. Gesamtlast;6000;13,765558;46,647737
Brcke;D43/L;Talbergang Weiáenbach;A10;2;171,549;max. Gesamtlast;6000;13,780171;46,644909
Brcke;D43/R;Talbergang Weiáenbach;A10;1;171,674;max. Gesamtlast;6000;13,780098;46,644779
Brcke;D44/L;Unterf. des Zubringers;A10;2;172,967;max. Gesamtlast;6000;13,798129;46,643017
Brcke;D44,1;Stahlrohrdurchlaá;A10;0;173,088;max. Gesamtlast;6000;13,79798;46,642884
Brcke;D44/R;Unterf. des Zubringers;A10;1;173,090;max. Gesamtlast;6000;13,798029;46,642892
Brcke;D45/L;Draubrcke Wollanig;A10;2;173,553;max. Gesamtlast;6000;13,805376;46,641419
Brcke;D45/R;Draubrcke Wollanig;A10;1;173,713;max. Gesamtlast;6000;13,805718;46,64119
Brcke;D46/L;Unterf.T”bringerstraáe;A10;2;178,409;max. Gesamtlast;6000;13,866723;46,651974
Brcke;D46/R;Unterf.T”bringerstraáe;A10;1;178,544;max. Gesamtlast;6000;13,866807;46,651626
Brcke;D47/L;Unterf. B94;A10;2;178,836;max. Gesamtlast;6000;13,872034;46,650663
Brcke;D47-4;Unterf.W2 unt.Sp.Sd;A10;0;178,851;max. Gesamtlast;6000;13,870718;46,650345
Brcke;D47-3;Unterf.W2 unt.Sp.Nord;A10;0;178,912;max. Gesamtlast;6000;13,871787;46,651156
Brcke;D47/R;Unterf. B94;A10;1;178,948;max. Gesamtlast;6000;13,871861;46,650564
Brcke;D48/L;Unterf. ™BB;A10;2;179,149;max. Gesamtlast;6000;13,875616;46,64929
Brcke;D48/R;Unterf. ™BB;A10;1;179,263;max. Gesamtlast;6000;13,875467;46,649171
Brcke;D49;Unterf. W4;A10;0;179,459;max. Gesamtlast;6000;13,877609;46,648169
Brcke;D49-1;Unterf.Treffnerbach;A10;0;179,485;max. Gesamtlast;6000;13,878402;46,648397
Brcke;D51/L;Unterf.Treffnerbach u.Gehweg;A10;2;179,687;max. Gesamtlast;6000;13,881032;46,646247
Brcke;D51/R;Unterf.Treffnerbach u.Gehweg;A10;1;179,803;max. Gesamtlast;6000;13,880955;46,646101
Brcke;D52;Kollektor-Durchlass;A10;0;180,267;;;13,885177;46,643135
Brcke;D53/L;Seebachbrcke;A10;2;180,312;max. Gesamtlast;6000;13,886626;46,64211
Brcke;D53-1;Unterf. Seebach;A10;0;180,406;max. Gesamtlast;6000;13,886911;46,642293
Brcke;D53/R;Seebachbrcke;A10;1;180,423;max. Gesamtlast;6000;13,886512;46,641999
Brcke;D54,1;Wegberfhrung;A10;0;181,192;max. Gesamtlast;6000;13,892757;46,636531
Brcke;D56,1;Unterf. Michaelerweg;A10;1;182,149;max. Gesamtlast;6000;13,897269;46,627518
Brcke;D56,2;Unterf. Michaelerweg;A10;2;182,256;max. Gesamtlast;6000;13,896944;46,627387
Brcke;D37KV/R;Unterf.der B83;A10;2;182,778;max. Gesamtlast;6000;13,900651;46,622331
Brcke;D38KV;Unterf.der B83;A10;1;182,827;max. Gesamtlast;6000;13,898829;46,622466
Brcke;D37KV/L;Unterf.der B83;A10;0;182,850;max. Gesamtlast;6000;13,900946;46,622325
Brcke;D39KV;Unterf.Spur 900;A10;2;183,001;max. Gesamtlast;6000;13,902184;46,620558
Brcke;R55/L;Unterf.Sp.900 unt.Sp.700 u.200;A10;2;183,163;max. Gesamtlast;6000;13,900665;46,619542
Brcke;R55/R;Unterf.Sp.900 unt.Sp.700 u.200;A10;1;183,196;max. Gesamtlast;6000;13,900571;46,619349
Brcke;L57;Seebachbrcke;A102;0;0,023;max. Gesamtlast;6000;13,500336;46,816489
Brcke;L56/L;Wegunterf. Pfarrsiedlung;A102;2;0,666;max. Gesamtlast;6000;13,498323;46,821987
Brcke;L56/R;Wegunterf. Pfarrsiedlung;A102;1;0,672;max. Gesamtlast;6000;13,498409;46,822075
Brcke;L55/1/L;Lieserbrcke;A102;2;1,275;max. Gesamtlast;6000;13,493261;46,825925
Brcke;L55/1/R;Lieserbrcke;A102;1;1,286;max. Gesamtlast;6000;13,493186;46,826064
Brcke;L55/3/L;Lieserbrcke;A102;0;1,383;max. Gesamtlast;6000;13,491021;46,825666
Brcke;L55/2/L;Lieserbrcke;A102;2;1,434;max. Gesamtlast;6000;13,491633;46,825889
Brcke;L55/2/R;Lieserbrcke;A102;1;1,435;max. Gesamtlast;6000;13,491176;46,826002
Brcke;L54/L;Unterf.Trebesinger Ldstr.L10;A102;1;2,389;max. Gesamtlast;6000;13,47915;46,827288
Brcke;L54/R;Unterf.Trebesinger Ldstr.L10;A102;2;2,390;max. Gesamtlast;6000;13,4792;46,827449
Brcke;L58;Wegberfhrung Karlsdorf;A102;0;2,907;max. Gesamtlast;6000;13,472569;46,828335
Brcke;L58,1/L;Unterf.Zuf.z.AB-Meisterei;A102;1;3,183;max. Gesamtlast;6000;13,469013;46,828778
Brcke;L58,1/R;Unterf.Zuf.z.AB-Meisterei;A102;2;3,183;max. Gesamtlast;6000;13,469053;46,828899
Brcke;L59;Wegberf. Rojachhof;A102;0;4,125;max. Gesamtlast;6000;13,456893;46,829973
Brcke;L60/L;Unterf. des Feichterweges;A102;1;4,975;max. Gesamtlast;6000;13,445822;46,829756
Brcke;L60/R;Unterf. des Feichterweges;A102;2;4,978;max. Gesamtlast;6000;13,445765;46,829878
Brcke;L61;Unterf.Drautal-Bundesstr.;A102;2;6,142;max. Gesamtlast;6000;13,430495;46,829004
Brcke;L62;Fuág„nger- Rohrdurchlass;A102;1;6,156;;;13,430417;46,829307
Brcke;V29B;šberbrckung der A002;A11;2;0,029;max. Gesamtlast;6000;13,904456;46,618251
Brcke;R51;™BB-Unterfhrung;A11;0;0,817;max. Gesamtlast;6000;13,912199;46,614054
Brcke;R51,1;Unterf.Wernberger Straáe;A11;0;1,033;max. Gesamtlast;6000;13,914708;46,61348
Brcke;KA01;Draubrcke St.Ulrich;A11;0;1,536;max. Gesamtlast;6000;13,920677;46,611601
Brcke;KA01,1;Wegunterf.u.Betriebsumk.;A11;0;2,454;max. Gesamtlast;6000;13,930825;46,607224
Brcke;KA02;šberfhrung Spur 10;A11;0;3,281;max. Gesamtlast;6000;13,93597;46,600864
Brcke;KA03;Unterf.Roseggerstr. L52;A11;0;8,169;max. Gesamtlast;6000;13,98963;46,583571
Brcke;KA03,1;Unterf.Wirtschaftsw.u.Wildd.;A11;0;8,694;max. Gesamtlast;6000;13,994485;46,580317
Brcke;KA03,2/Li.;šberf.Raststation Rosegg;A11;0;9,040;max. Gesamtlast;6000;13,998048;46,578393
Brcke;KA03,2/Re.;šberf.Raststation Rosegg;A11;0;9,050;max. Gesamtlast;6000;13,998114;46,578326
Brcke;KA04;šberf.Buchheim;A11;0;9,799;max. Gesamtlast;6000;14,00441;46,57323
Brcke;KA05,1;šberf.Buchheim-Pirk;A11;0;10,141;max. Gesamtlast;6000;14,005925;46,570379
Brcke;KA05,2A;Bachdurchlaá;A11;0;10,555;max. Gesamtlast;6000;14,006276;46,566712
Brcke;KA05,3;Unterf.Melincweg;A11;0;10,918;max. Gesamtlast;6000;14,006418;46,563422
Brcke;KA06;šberf.Raun - Pirk;A11;0;11,223;max. Gesamtlast;6000;14,006151;46,560684
Brcke;KA07-4;Wilddurchlaá;A11;0;11,487;max. Gesamtlast;6000;14,013709;46,557989
Brcke;KA07-1/1;Unterf.Mallenitzer Waldweg;A11;0;11,552;max. Gesamtlast;6000;14,008673;46,557538
Brcke;KA07;Unterf.Zubringer St.Jakob;A11;0;11,574;max. Gesamtlast;6000;14,005941;46,557521
Brcke;KA07-1/2;Unterf.Mallenitzer Waldweg;A11;0;11,582;max. Gesamtlast;6000;14,008685;46,557326
Brcke;KA09,1;Wirtschaftswegbrcke Winkl - Nebenanlage;A11;0;12,162;;;14,008228;46,552421
Brcke;KA09;Talbergang Winkl;A11;0;12,421;max. Gesamtlast;6000;14,011378;46,550191
Brcke;KA07-2;Unterf.Wirtschaftsweg;A11;0;12,537;max. Gesamtlast;6000;14,018722;46,556326
Brcke;KA07-3;Mhlbachbrcke;A11;0;12,846;max. Gesamtlast;6000;14,019618;46,554874
Brcke;KA10/1;™BB-Unterfhrung;A11;0;13,392;max. Gesamtlast;6000;14,021094;46,546252
Brcke;KA11;Unterf.Wirtschaftsw.u.Bet.Umk.;A11;0;13,844;max. Gesamtlast;6000;14,024209;46,542895
Brcke;KA12;Unterf.Schlatten-Kanin;A11;0;14,351;max. Gesamtlast;6000;14,026116;46,53851
Brcke;KA13;šberf.Wendeschleife Nord;A11;0;14,796;max. Gesamtlast;6000;14,02886;46,535012
Brcke;KA13,1;šberf.Amtsplatz;A11;0;15,025;max. Gesamtlast;6000;14,030425;46,533278
Brcke;KA13,2;Bachdurchlaá;A11;0;15,625;max. Gesamtlast;6000;14,030239;46,528061
Brcke;KA14/Re.;Wegunterf.Wendeschl.Sd;A11;1;16,138;max. Gesamtlast;6000;14,028707;46,523707
Brcke;KA14/Li.;Wegunterf.Wendeschl.Sd;A11;2;16,141;max. Gesamtlast;6000;14,028846;46,523625
Brcke;KA15,1/01;Gerinnedurchlass;A11;0;16,329;;;14,026861;46,522538
Brcke;KA15,2;Hangbrcke;A11;0;16,558;max. Gesamtlast;6000;14,024625;46,521184
Brcke;KA14-2;Gratschtzenbachbr.BU-Ost;A11;0;16,641;max. Gesamtlast;6000;14,024398;46,520209
Brcke;KA14-3;Unterf.Wirtschaftsweg;A11;0;16,641;max. Gesamtlast;6000;14,024093;46,520382
Brcke;KA15,3/R;Talberg.Gratschtzenbach;A11;0;16,709;max. Gesamtlast;6000;14,023481;46,520081
Brcke;KA14-1;Gratschtzenbachbr.BU-West;A11;0;16,747;max. Gesamtlast;6000;14,022483;46,519789
Brcke;0500;UNTERF.ST.VEIT NORD;S37;0;283,455;max. Gesamtlast;6000;14,386365;46,790579
Brcke;0501;WIMITZBACHBR.SIEBENAICH;S37;0;283,731;max. Gesamtlast;6000;14,38563;46,788045
Brcke;0502;WEGUEBERF. SCHEIFLING;S37;0;284,239;max. Gesamtlast;6000;14,385706;46,783346
Brcke;0503;WEGUNTERF. WURZERHOF;S37;0;284,892;max. Gesamtlast;6000;14,382393;46,777922
Brcke;0504;WEGUEBERF. TAGGENBRUNN;S37;0;285,392;max. Gesamtlast;6000;14,38089;46,773937
Brcke;0506A;Rohrdurchlass ASt St.Veit Mitte Rampe 1+2;S37;1;286,237;;;14,379096;46,766487
Brcke;0506;UEBERF. DER B 82;S37;0;286,340;max. Gesamtlast;6000;14,38054;46,765701
Brcke;0507;WEGUEBERF. GLANBOGEN;S37;0;287,554;max. Gesamtlast;6000;14,388641;46,756562
Brcke;0508;ZIEGELBACHBRUECKE;S37;0;288,506;max. Gesamtlast;6000;14,388053;46,74818
Brcke;0509;šBERF. ST.DONAT;S37;0;288,782;max. Gesamtlast;6000;14,387614;46,745733
Brcke;0510;UNTERFUEHRUNG TRIEBWEG;S37;0;289,746;max. Gesamtlast;6000;14,386301;46,737319
Brcke;0511;OEBB-UNTERF.STADELHOF;S37;0;290,359;max. Gesamtlast;6000;14,382016;46,732733
Brcke;0511A;UF INDUSTRIEPARK St Veit;S37;0;290,615;;;14,380629;46,730651
Brcke;0512;PFLUGENBACHBRUECKE;S37;0;291,014;max. Gesamtlast;6000;14,379297;46,727269
Brcke;0513;WEGUEBERF. AICH;S37;0;291,627;max. Gesamtlast;6000;14,376885;46,722041
Brcke;0514;MICHAELERBACHBRUECKE;S37;0;292,161;max. Gesamtlast;6000;14,373665;46,717729
Brcke;0515;WEGUNTERF.WILLERSDORF;S37;0;292,550;max. Gesamtlast;6000;14,370904;46,714658
Brcke;0516;WEGUEBERF. RAGGASAAL;S37;0;294,044;max. Gesamtlast;6000;14,360051;46,703955
Brcke;0517;UEBERF.DER L 72;S37;0;294,759;max. Gesamtlast;6000;14,354342;46,698665
Brcke;0100A;UNTERF.HERZOGSTUHL;S37;0;295,813;max. Gesamtlast;6000;14,345174;46,690339
Brcke;0101A/01;Moosbrcke;S37;0;296,348;;;14,340781;46,686374
Brcke;0102E;UEBERF.MARIA SAAL;S37;0;296,908;max. Gesamtlast;6000;14,336245;46,682506
Brcke;0102B;UNTERF.RATZENDORF;S37;0;297,455;max. Gesamtlast;6000;14,331322;46,678976
Brcke;0102F;UNTERF.WALDDORF(K1);S37;0;299,202;max. Gesamtlast;6000;14,316058;46,667513
Brcke;0095B;WEGUNTERFUEHRUNG(K2);S37;0;299,516;max. Gesamtlast;6000;14,31252;46,666286
Brcke;0095C;UEBERF.TESSENDORFERSTR.(K3);S37;0;300,416;max. Gesamtlast;6000;14,301031;46,663697
Brcke;0095D;FLUTOEFFNUNG(K3-3);S37;0;300,676;max. Gesamtlast;6000;14,298134;46,662449
Brcke;0095E;GLANBRUECKE(K4);S37;0;300,850;max. Gesamtlast;6000;14,296226;46,661548
Brcke;0095F;GLANALTARMBRUECKE(K5);S37;0;301,069;max. Gesamtlast;6000;14,293914;46,660331
Brcke;0095G;UNTERF.DER A2(K6);S37;0;301,150;max. Gesamtlast;6000;14,292177;46,659157
